sep=,
"Time","qps_power.p_Usage"
2024-08-31 00:00:00,1140
2024-08-31 02:00:00,1894
2024-08-31 04:00:00,1134
2024-08-31 06:00:00,1213
2024-08-31 08:00:00,1349
2024-08-31 10:00:00,1371
2024-08-31 12:00:00,1630
2024-08-31 14:00:00,1460
2024-08-31 16:00:00,2020
2024-08-31 18:00:00,1254
2024-08-31 20:00:00,1208
2024-08-31 22:00:00,1162
2024-09-01 00:00:00,1953
2024-09-01 02:00:00,1205
2024-09-01 04:00:00,1172
2024-09-01 06:00:00,1187
2024-09-01 08:00:00,1316
2024-09-01 10:00:00,1367
2024-09-01 12:00:00,2282
2024-09-01 14:00:00,1443
2024-09-01 16:00:00,1173
2024-09-01 18:00:00,4572
2024-09-01 20:00:00,3020
2024-09-01 22:00:00,2036
2024-09-02 00:00:00,921
2024-09-02 02:00:00,927
2024-09-02 04:00:00,934
2024-09-02 06:00:00,1678
2024-09-02 08:00:00,2222
2024-09-02 10:00:00,1362
2024-09-02 12:00:00,1756
2024-09-02 14:00:00,1383
2024-09-02 16:00:00,1293
2024-09-02 18:00:00,1684
2024-09-02 20:00:00,1093
2024-09-02 22:00:00,1770
2024-09-03 00:00:00,923
2024-09-03 02:00:00,936
2024-09-03 04:00:00,988
2024-09-03 06:00:00,1805
2024-09-03 08:00:00,1082
2024-09-03 10:00:00,1175
2024-09-03 12:00:00,1460
2024-09-03 14:00:00,1320
2024-09-03 16:00:00,1157
2024-09-03 18:00:00,1079
2024-09-03 20:00:00,1066
2024-09-03 22:00:00,1796
2024-09-04 00:00:00,1003
2024-09-04 02:00:00,958
2024-09-04 04:00:00,1005
2024-09-04 06:00:00,943
2024-09-04 08:00:00,1817
2024-09-04 10:00:00,1153
2024-09-04 12:00:00,1486
2024-09-04 14:00:00,1334
2024-09-04 16:00:00,1141
2024-09-04 18:00:00,1017
2024-09-04 20:00:00,1025
2024-09-04 22:00:00,1504
2024-09-05 00:00:00,947
2024-09-05 02:00:00,926
2024-09-05 04:00:00,1736
2024-09-05 06:00:00,1069
2024-09-05 08:00:00,1197
2024-09-05 10:00:00,1187
2024-09-05 12:00:00,1450
2024-09-05 14:00:00,1283
2024-09-05 16:00:00,1094
2024-09-05 18:00:00,1015
2024-09-05 20:00:00,923
2024-09-05 22:00:00,927
2024-09-06 00:00:00,1011
2024-09-06 02:00:00,1627
2024-09-06 04:00:00,979
2024-09-06 06:00:00,976
2024-09-06 08:00:00,1199
2024-09-06 10:00:00,1190
2024-09-06 12:00:00,1532
2024-09-06 14:00:00,1731
2024-09-06 16:00:00,1614
2024-09-06 18:00:00,1339
2024-09-06 20:00:00,1514
2024-09-06 22:00:00,1647
2024-09-07 00:00:00,1213
2024-09-07 02:00:00,1177
2024-09-07 04:00:00,1200
2024-09-07 06:00:00,1163
2024-09-07 08:00:00,2195
2024-09-07 10:00:00,2679
2024-09-07 12:00:00,2977
2024-09-07 14:00:00,3008
2024-09-07 16:00:00,2123
2024-09-07 18:00:00,1791
2024-09-07 20:00:00,1769
2024-09-07 22:00:00,1389
2024-09-08 00:00:00,1385
2024-09-08 02:00:00,1335
2024-09-08 04:00:00,2043
2024-09-08 06:00:00,1284
2024-09-08 08:00:00,1664
2024-09-08 10:00:00,2131
2024-09-08 12:00:00,2450
2024-09-08 14:00:00,2361
2024-09-08 16:00:00,1804
2024-09-08 18:00:00,5126
2024-09-08 20:00:00,2772
2024-09-08 22:00:00,1301
2024-09-09 00:00:00,1196
2024-09-09 02:00:00,1142
2024-09-09 04:00:00,1215
2024-09-09 06:00:00,1654
2024-09-09 08:00:00,2074
2024-09-09 10:00:00,1476
2024-09-09 12:00:00,1833
2024-09-09 14:00:00,1656
2024-09-09 16:00:00,1411
2024-09-09 18:00:00,4725
2024-09-09 20:00:00,2537
2024-09-09 22:00:00,1187
2024-09-10 00:00:00,1929
2024-09-10 02:00:00,1157
2024-09-10 04:00:00,1194
2024-09-10 06:00:00,1108
2024-09-10 08:00:00,1227
2024-09-10 10:00:00,1266
2024-09-10 12:00:00,2415
2024-09-10 14:00:00,1583
2024-09-10 16:00:00,1581
2024-09-10 18:00:00,1253
2024-09-10 20:00:00,1215
2024-09-10 22:00:00,2005
2024-09-11 00:00:00,1239
2024-09-11 02:00:00,1238
2024-09-11 04:00:00,1248
2024-09-11 06:00:00,1167
2024-09-11 08:00:00,2016
2024-09-11 10:00:00,1252
2024-09-11 12:00:00,1567
2024-09-11 14:00:00,1384
2024-09-11 16:00:00,2020
2024-09-11 18:00:00,1366
2024-09-11 20:00:00,1273
2024-09-11 22:00:00,1203
2024-09-12 00:00:00,2080
2024-09-12 02:00:00,1245
2024-09-12 04:00:00,1298
2024-09-12 06:00:00,1115
2024-09-12 08:00:00,1928
2024-09-12 10:00:00,1214
2024-09-12 12:00:00,1480
2024-09-12 14:00:00,1351
2024-09-12 16:00:00,10018
2024-09-12 18:00:00,11604
2024-09-12 20:00:00,3534
2024-09-12 22:00:00,945
2024-09-13 00:00:00,936
2024-09-13 02:00:00,951
2024-09-13 04:00:00,1760
2024-09-13 06:00:00,1397
2024-09-13 08:00:00,1106
2024-09-13 10:00:00,1233
2024-09-13 12:00:00,1517
2024-09-13 14:00:00,1333
2024-09-13 16:00:00,1289
2024-09-13 18:00:00,1803
2024-09-13 20:00:00,1028
2024-09-13 22:00:00,961
2024-09-14 00:00:00,949
2024-09-14 02:00:00,1748
2024-09-14 04:00:00,1001
2024-09-14 06:00:00,1008
2024-09-14 08:00:00,1176
2024-09-14 10:00:00,1203
2024-09-14 12:00:00,2288
2024-09-14 14:00:00,
2024-09-14 16:00:00,
2024-09-14 18:00:00,
2024-09-14 20:00:00,964
2024-09-14 22:00:00,1611
2024-09-15 00:00:00,1185
2024-09-15 02:00:00,947
2024-09-15 04:00:00,1220
2024-09-15 06:00:00,1515
2024-09-15 08:00:00,1159
2024-09-15 10:00:00,1190
2024-09-15 12:00:00,1471
2024-09-15 14:00:00,1329
2024-09-15 16:00:00,1108
2024-09-15 18:00:00,1010
2024-09-15 20:00:00,1745
2024-09-15 22:00:00,994
2024-09-16 00:00:00,940
2024-09-16 02:00:00,1448
2024-09-16 04:00:00,1294
2024-09-16 06:00:00,1564
2024-09-16 08:00:00,1139
2024-09-16 10:00:00,1146
2024-09-16 12:00:00,2193
2024-09-16 14:00:00,1139
2024-09-16 16:00:00,1845
2024-09-16 18:00:00,4821
2024-09-16 20:00:00,3522
2024-09-16 22:00:00,1155
2024-09-17 00:00:00,1563
2024-09-17 02:00:00,945
2024-09-17 04:00:00,975
2024-09-17 06:00:00,1420
2024-09-17 08:00:00,1756
2024-09-17 10:00:00,1128
2024-09-17 12:00:00,1469
2024-09-17 14:00:00,1215
2024-09-17 16:00:00,997
2024-09-17 18:00:00,1017
2024-09-17 20:00:00,910
2024-09-17 22:00:00,1734
2024-09-18 00:00:00,957
2024-09-18 02:00:00,961
2024-09-18 04:00:00,1539
2024-09-18 06:00:00,1256
2024-09-18 08:00:00,1202
2024-09-18 10:00:00,1182
2024-09-18 12:00:00,1449
2024-09-18 14:00:00,1273
2024-09-18 16:00:00,1241
2024-09-18 18:00:00,1039
2024-09-18 20:00:00,1779
2024-09-18 22:00:00,967
2024-09-19 00:00:00,948
2024-09-19 02:00:00,1020
2024-09-19 04:00:00,1787
2024-09-19 06:00:00,958
2024-09-19 08:00:00,1118
2024-09-19 10:00:00,1166
2024-09-19 12:00:00,1472
2024-09-19 14:00:00,1300
2024-09-19 16:00:00,1128
2024-09-19 18:00:00,1042
2024-09-19 20:00:00,1807
2024-09-19 22:00:00,967
2024-09-20 00:00:00,973
2024-09-20 02:00:00,923
2024-09-20 04:00:00,1819
2024-09-20 06:00:00,1028
2024-09-20 08:00:00,1158
2024-09-20 10:00:00,1196
2024-09-20 12:00:00,1488
2024-09-20 14:00:00,1280
2024-09-20 16:00:00,1150
2024-09-20 18:00:00,1046
2024-09-20 20:00:00,1795
2024-09-20 22:00:00,1098
2024-09-21 00:00:00,1006
2024-09-21 02:00:00,982
2024-09-21 04:00:00,1756
2024-09-21 06:00:00,1055
2024-09-21 08:00:00,1195
2024-09-21 10:00:00,1143
2024-09-21 12:00:00,1435
2024-09-21 14:00:00,1185
2024-09-21 16:00:00,1423
2024-09-21 18:00:00,1415
2024-09-21 20:00:00,958
2024-09-21 22:00:00,948
2024-09-22 00:00:00,952
2024-09-22 02:00:00,1751
2024-09-22 04:00:00,933
2024-09-22 06:00:00,879
2024-09-22 08:00:00,988
2024-09-22 10:00:00,1391
2024-09-22 12:00:00,10349
2024-09-22 14:00:00,11849
2024-09-22 16:00:00,12730
2024-09-22 18:00:00,14258
2024-09-22 20:00:00,1242
2024-09-22 22:00:00,957
2024-09-23 00:00:00,938
2024-09-23 02:00:00,1304
2024-09-23 04:00:00,1705
2024-09-23 06:00:00,1247
2024-09-23 08:00:00,1152
2024-09-23 10:00:00,1110
2024-09-23 12:00:00,1375
2024-09-23 14:00:00,1443
2024-09-23 16:00:00,1830
2024-09-23 18:00:00,5700
2024-09-23 20:00:00,1927
2024-09-23 22:00:00,950
2024-09-24 00:00:00,1696
2024-09-24 02:00:00,926
2024-09-24 04:00:00,1106
2024-09-24 06:00:00,1319
2024-09-24 08:00:00,1034
2024-09-24 10:00:00,1819
2024-09-24 12:00:00,1459
2024-09-24 14:00:00,1230
2024-09-24 16:00:00,4680
2024-09-24 18:00:00,967
2024-09-24 20:00:00,981
2024-09-24 22:00:00,1662
2024-09-25 00:00:00,918
2024-09-25 02:00:00,945
2024-09-25 04:00:00,997
2024-09-25 06:00:00,864
2024-09-25 08:00:00,1384
2024-09-25 10:00:00,1496
2024-09-25 12:00:00,1370
2024-09-25 14:00:00,1251
2024-09-25 16:00:00,1153
2024-09-25 18:00:00,1993
2024-09-25 20:00:00,1104
2024-09-25 22:00:00,953
2024-09-26 00:00:00,951
2024-09-26 02:00:00,1714
2024-09-26 04:00:00,1024
2024-09-26 06:00:00,996
2024-09-26 08:00:00,1181
2024-09-26 10:00:00,1220
2024-09-26 12:00:00,2185
2024-09-26 14:00:00,1379
2024-09-26 16:00:00,1042
2024-09-26 18:00:00,982
2024-09-26 20:00:00,1184
2024-09-26 22:00:00,1440
2024-09-27 00:00:00,968
2024-09-27 02:00:00,932
2024-09-27 04:00:00,918
2024-09-27 06:00:00,1629
2024-09-27 08:00:00,931
2024-09-27 10:00:00,976
2024-09-27 12:00:00,1970
2024-09-27 14:00:00,1137
2024-09-27 16:00:00,960
2024-09-27 18:00:00,952
2024-09-27 20:00:00,1747
2024-09-27 22:00:00,930
2024-09-28 00:00:00,914
2024-09-28 02:00:00,1494
2024-09-28 04:00:00,1158
2024-09-28 06:00:00,896
2024-09-28 08:00:00,1159
2024-09-28 10:00:00,1886
2024-09-28 12:00:00,1471
2024-09-28 14:00:00,1216
2024-09-28 16:00:00,1018
2024-09-28 18:00:00,1813
2024-09-28 20:00:00,945
2024-09-28 22:00:00,910
2024-09-29 00:00:00,1716
2024-09-29 02:00:00,913
2024-09-29 04:00:00,915
2024-09-29 06:00:00,1744
2024-09-29 08:00:00,1152
2024-09-29 10:00:00,1153
2024-09-29 12:00:00,1504
2024-09-29 14:00:00,1364
2024-09-29 16:00:00,1876
2024-09-29 18:00:00,1020
2024-09-29 20:00:00,913
2024-09-29 22:00:00,1722
2024-09-30 00:00:00,942
2024-09-30 02:00:00,1315
2024-09-30 04:00:00,1372
2024-09-30 06:00:00,943
2024-09-30 08:00:00,1061
2024-09-30 10:00:00,1776
2024-09-30 12:00:00,1350
2024-09-30 14:00:00,1296
2024-09-30 16:00:00,1050
2024-09-30 18:00:00,2020
2024-09-30 20:00:00,1218
2024-09-30 22:00:00,950
2024-10-01 00:00:00,936
2024-10-01 02:00:00,1764
2024-10-01 04:00:00,1203
2024-10-01 06:00:00,2552
2024-10-01 08:00:00,2618
2024-10-01 10:00:00,1984
2024-10-01 12:00:00,2163
2024-10-01 14:00:00,1778
2024-10-01 16:00:00,1670
2024-10-01 18:00:00,2398
2024-10-01 20:00:00,1711
2024-10-01 22:00:00,1629
2024-10-02 00:00:00,2557
2024-10-02 02:00:00,1677
2024-10-02 04:00:00,1755
2024-10-02 06:00:00,2498
2024-10-02 08:00:00,1739
2024-10-02 10:00:00,1806
2024-10-02 12:00:00,1996
2024-10-02 14:00:00,2526
2024-10-02 16:00:00,1599
2024-10-02 18:00:00,5364
2024-10-02 20:00:00,3723
2024-10-02 22:00:00,2396
2024-10-03 00:00:00,1636
2024-10-03 02:00:00,1700
2024-10-03 04:00:00,2686
2024-10-03 06:00:00,2223
2024-10-03 08:00:00,1902
2024-10-03 10:00:00,1917
2024-10-03 12:00:00,2855
2024-10-03 14:00:00,1741
2024-10-03 16:00:00,1774
2024-10-03 18:00:00,1512
2024-10-03 20:00:00,2254
2024-10-03 22:00:00,1749
2024-10-04 00:00:00,1703
2024-10-04 02:00:00,2480
2024-10-04 04:00:00,1902
2024-10-04 06:00:00,1762
2024-10-04 08:00:00,2661
2024-10-04 10:00:00,1866
2024-10-04 12:00:00,2073
2024-10-04 14:00:00,1631
2024-10-04 16:00:00,1704
2024-10-04 18:00:00,1728
2024-10-04 20:00:00,2438
2024-10-04 22:00:00,1646
2024-10-05 00:00:00,1673
2024-10-05 02:00:00,2372
2024-10-05 04:00:00,1595
2024-10-05 06:00:00,1789
2024-10-05 08:00:00,3541
2024-10-05 10:00:00,2556
2024-10-05 12:00:00,2086
2024-10-05 14:00:00,1888
2024-10-05 16:00:00,1542
2024-10-05 18:00:00,2602
2024-10-05 20:00:00,1873
2024-10-05 22:00:00,1692
2024-10-06 00:00:00,1645
2024-10-06 02:00:00,2010
2024-10-06 04:00:00,2095
2024-10-06 06:00:00,1990
2024-10-06 08:00:00,2028
2024-10-06 10:00:00,1819
2024-10-06 12:00:00,2796
2024-10-06 14:00:00,1623
2024-10-06 16:00:00,1488
2024-10-06 18:00:00,1551
2024-10-06 20:00:00,2322
2024-10-06 22:00:00,1424
2024-10-07 00:00:00,1640
2024-10-07 02:00:00,2347
2024-10-07 04:00:00,1680
2024-10-07 06:00:00,1721
2024-10-07 08:00:00,2082
2024-10-07 10:00:00,2182
2024-10-07 12:00:00,1971
2024-10-07 14:00:00,1712
2024-10-07 16:00:00,1545
2024-10-07 18:00:00,3197
2024-10-07 20:00:00,1790
2024-10-07 22:00:00,1554
2024-10-08 00:00:00,1632
2024-10-08 02:00:00,2398
2024-10-08 04:00:00,1676
2024-10-08 06:00:00,1615
2024-10-08 08:00:00,1699
2024-10-08 10:00:00,2350
2024-10-08 12:00:00,1870
2024-10-08 14:00:00,1798
2024-10-08 16:00:00,1547
2024-10-08 18:00:00,1994
2024-10-08 20:00:00,2040
2024-10-08 22:00:00,1556
2024-10-09 00:00:00,1508
2024-10-09 02:00:00,2013
2024-10-09 04:00:00,1784
2024-10-09 06:00:00,1560
2024-10-09 08:00:00,1807
2024-10-09 10:00:00,1670
2024-10-09 12:00:00,6564
2024-10-09 14:00:00,1736
2024-10-09 16:00:00,11076
2024-10-09 18:00:00,12725
2024-10-09 20:00:00,13136
2024-10-09 22:00:00,12878
2024-10-10 00:00:00,6126
2024-10-10 02:00:00,2238
2024-10-10 04:00:00,2997
2024-10-10 06:00:00,2716
2024-10-10 08:00:00,2159
2024-10-10 10:00:00,2312
2024-10-10 12:00:00,3408
2024-10-10 14:00:00,2332
2024-10-10 16:00:00,2277
2024-10-10 18:00:00,2274
2024-10-10 20:00:00,2238
2024-10-10 22:00:00,2999
2024-10-11 00:00:00,2207
2024-10-11 02:00:00,2386
2024-10-11 04:00:00,3404
2024-10-11 06:00:00,2461
2024-10-11 08:00:00,2545
2024-10-11 10:00:00,2468
2024-10-11 12:00:00,3498
2024-10-11 14:00:00,7417
2024-10-11 16:00:00,2409
2024-10-11 18:00:00,3234
2024-10-11 20:00:00,2756
2024-10-11 22:00:00,2700
2024-10-12 00:00:00,2760
2024-10-12 02:00:00,3357
2024-10-12 04:00:00,2660
2024-10-12 06:00:00,2468
2024-10-12 08:00:00,3252
2024-10-12 10:00:00,2760
2024-10-12 12:00:00,2759
2024-10-12 14:00:00,2490
2024-10-12 16:00:00,3072
2024-10-12 18:00:00,2375
2024-10-12 20:00:00,2368
2024-10-12 22:00:00,3239
2024-10-13 00:00:00,2450
2024-10-13 02:00:00,2734
2024-10-13 04:00:00,2600
2024-10-13 06:00:00,3081
2024-10-13 08:00:00,2337
2024-10-13 10:00:00,2441
2024-10-13 12:00:00,3274
2024-10-13 14:00:00,2486
2024-10-13 16:00:00,2283
2024-10-13 18:00:00,2387
2024-10-13 20:00:00,3108
2024-10-13 22:00:00,2501
2024-10-14 00:00:00,2585
2024-10-14 02:00:00,3287
2024-10-14 04:00:00,2780
2024-10-14 06:00:00,2352
2024-10-14 08:00:00,2382
2024-10-14 10:00:00,3213
2024-10-14 12:00:00,2707
2024-10-14 14:00:00,2490
2024-10-14 16:00:00,2934
2024-10-14 18:00:00,6734
2024-10-14 20:00:00,4675
2024-10-14 22:00:00,2806
2024-10-15 00:00:00,2881
2024-10-15 02:00:00,3246
2024-10-15 04:00:00,2836
2024-10-15 06:00:00,3315
2024-10-15 08:00:00,3010
2024-10-15 10:00:00,2685
2024-10-15 12:00:00,2878
2024-10-15 14:00:00,3379
2024-10-15 16:00:00,10349
2024-10-15 18:00:00,12430
2024-10-15 20:00:00,14089
2024-10-15 22:00:00,6110
2024-10-16 00:00:00,2971
2024-10-16 02:00:00,3407
2024-10-16 04:00:00,2837
2024-10-16 06:00:00,3227
2024-10-16 08:00:00,3257
2024-10-16 10:00:00,2702
2024-10-16 12:00:00,2786
2024-10-16 14:00:00,2841
2024-10-16 16:00:00,3005
2024-10-16 18:00:00,6107
2024-10-16 20:00:00,4139
2024-10-16 22:00:00,3337
2024-10-17 00:00:00,2650
2024-10-17 02:00:00,2730
2024-10-17 04:00:00,3458
2024-10-17 06:00:00,2394
2024-10-17 08:00:00,2381
2024-10-17 10:00:00,2530
2024-10-17 12:00:00,3498
2024-10-17 14:00:00,2387
2024-10-17 16:00:00,2224
2024-10-17 18:00:00,2508
2024-10-17 20:00:00,3163
2024-10-17 22:00:00,2479
2024-10-18 00:00:00,2542
2024-10-18 02:00:00,2820
2024-10-18 04:00:00,3143
2024-10-18 06:00:00,2362
2024-10-18 08:00:00,2351
2024-10-18 10:00:00,2803
2024-10-18 12:00:00,2994
2024-10-18 14:00:00,2525
2024-10-18 16:00:00,2284
2024-10-18 18:00:00,2314
2024-10-18 20:00:00,3018
2024-10-18 22:00:00,2285
2024-10-19 00:00:00,2438
2024-10-19 02:00:00,2516
2024-10-19 04:00:00,3016
2024-10-19 06:00:00,2309
2024-10-19 08:00:00,2345
2024-10-19 10:00:00,2447
2024-10-19 12:00:00,3387
2024-10-19 14:00:00,2505
2024-10-19 16:00:00,2226
2024-10-19 18:00:00,2279
2024-10-19 20:00:00,2609
2024-10-19 22:00:00,2643
2024-10-20 00:00:00,2445
2024-10-20 02:00:00,2230
2024-10-20 04:00:00,2609
2024-10-20 06:00:00,2748
2024-10-20 08:00:00,2153
2024-10-20 10:00:00,2197
2024-10-20 12:00:00,2554
2024-10-20 14:00:00,3074
2024-10-20 16:00:00,2176
2024-10-20 18:00:00,5221
2024-10-20 20:00:00,4243
2024-10-20 22:00:00,2365
2024-10-21 00:00:00,2333
2024-10-21 02:00:00,2003
2024-10-21 04:00:00,2086
2024-10-21 06:00:00,2128
2024-10-21 08:00:00,2700
2024-10-21 10:00:00,2055
2024-10-21 12:00:00,2293
2024-10-21 14:00:00,2812
2024-10-21 16:00:00,3850
2024-10-21 18:00:00,2860
2024-10-21 20:00:00,5753
2024-10-21 22:00:00,2762
2024-10-22 00:00:00,2022
2024-10-22 02:00:00,2392
2024-10-22 04:00:00,2513
2024-10-22 06:00:00,2681
2024-10-22 08:00:00,2073
2024-10-22 10:00:00,2183
2024-10-22 12:00:00,2511
2024-10-22 14:00:00,2200
2024-10-22 16:00:00,3005
2024-10-22 18:00:00,2124
2024-10-22 20:00:00,2189
2024-10-22 22:00:00,2072
2024-10-23 00:00:00,2985
2024-10-23 02:00:00,2406
2024-10-23 04:00:00,2505
2024-10-23 06:00:00,2268
2024-10-23 08:00:00,3078
2024-10-23 10:00:00,2279
2024-10-23 12:00:00,2460
2024-10-23 14:00:00,2262
2024-10-23 16:00:00,3906
2024-10-23 18:00:00,2171
2024-10-23 20:00:00,2235
2024-10-23 22:00:00,2282
2024-10-24 00:00:00,2860
2024-10-24 02:00:00,2290
2024-10-24 04:00:00,2246
2024-10-24 06:00:00,2591
2024-10-24 08:00:00,2368
2024-10-24 10:00:00,2864
2024-10-24 12:00:00,2409
2024-10-24 14:00:00,2272
2024-10-24 16:00:00,2032
2024-10-24 18:00:00,2834
2024-10-24 20:00:00,2047
2024-10-24 22:00:00,2052
2024-10-25 00:00:00,2062
2024-10-25 02:00:00,2409
2024-10-25 04:00:00,2801
2024-10-25 06:00:00,2129
2024-10-25 08:00:00,2211
2024-10-25 10:00:00,2292
2024-10-25 12:00:00,3265
2024-10-25 14:00:00,2265
2024-10-25 16:00:00,2066
2024-10-25 18:00:00,2165
2024-10-25 20:00:00,3009
2024-10-25 22:00:00,2220
2024-10-26 00:00:00,2299
2024-10-26 02:00:00,2712
2024-10-26 04:00:00,2904
2024-10-26 06:00:00,2185
2024-10-26 08:00:00,2111
2024-10-26 10:00:00,2192
2024-10-26 12:00:00,3393
2024-10-26 14:00:00,2209
2024-10-26 16:00:00,2155
2024-10-26 18:00:00,2056
2024-10-26 20:00:00,2135
2024-10-26 22:00:00,2869
2024-10-27 00:00:00,2080
2024-10-27 02:00:00,2040
2024-10-27 03:00:00,2273
2024-10-27 05:00:00,2621
2024-10-27 07:00:00,2426
2024-10-27 09:00:00,2196
2024-10-27 11:00:00,2369
2024-10-27 13:00:00,2327
2024-10-27 15:00:00,4687
2024-10-27 17:00:00,11911
2024-10-27 19:00:00,8415
2024-10-27 21:00:00,2280
2024-10-27 23:00:00,3231
2024-10-28 01:00:00,2499
2024-10-28 03:00:00,2545
2024-10-28 05:00:00,3571
2024-10-28 07:00:00,2994
2024-10-28 09:00:00,2503
2024-10-28 11:00:00,4356
2024-10-28 13:00:00,2682
2024-10-28 15:00:00,3262
2024-10-28 17:00:00,2293
2024-10-28 19:00:00,3847
2024-10-28 21:00:00,4367
2024-10-28 23:00:00,2468
2024-10-29 01:00:00,2552
2024-10-29 03:00:00,3436
2024-10-29 05:00:00,2654
2024-10-29 07:00:00,2591
2024-10-29 09:00:00,2603
2024-10-29 11:00:00,3510
2024-10-29 13:00:00,2207
2024-10-29 15:00:00,1857
2024-10-29 17:00:00,2474
2024-10-29 19:00:00,5132
2024-10-29 21:00:00,1974
2024-10-29 23:00:00,2546
2024-10-30 01:00:00,2514
2024-10-30 03:00:00,3197
2024-10-30 05:00:00,2170
2024-10-30 07:00:00,1495
2024-10-30 09:00:00,2206
2024-10-30 11:00:00,2894
2024-10-30 13:00:00,1932
2024-10-30 15:00:00,2051
2024-10-30 17:00:00,2482
2024-10-30 19:00:00,3176
2024-10-30 21:00:00,2392
2024-10-30 23:00:00,2651
2024-10-31 01:00:00,3395
2024-10-31 03:00:00,2530
2024-10-31 05:00:00,2234
2024-10-31 07:00:00,2192
2024-10-31 09:00:00,2876
2024-10-31 11:00:00,1966
2024-10-31 13:00:00,1976
2024-10-31 15:00:00,2062
2024-10-31 17:00:00,1510
2024-10-31 19:00:00,2199
2024-10-31 21:00:00,2401
2024-10-31 23:00:00,2490
2024-11-01 01:00:00,2498
2024-11-01 03:00:00,3320
2024-11-01 05:00:00,1980
2024-11-01 07:00:00,1466
2024-11-01 09:00:00,1538
2024-11-01 11:00:00,2880
2024-11-01 13:00:00,2371
2024-11-01 15:00:00,5993
2024-11-01 17:00:00,13745
2024-11-01 19:00:00,12880
2024-11-01 21:00:00,10493
2024-11-01 23:00:00,3533
2024-11-02 01:00:00,2730
2024-11-02 03:00:00,2752
2024-11-02 05:00:00,3646
2024-11-02 07:00:00,2698
2024-11-02 09:00:00,2897
2024-11-02 11:00:00,4217
2024-11-02 13:00:00,2919
2024-11-02 15:00:00,2861
2024-11-02 17:00:00,3702
2024-11-02 19:00:00,3087
2024-11-02 21:00:00,2928
2024-11-02 23:00:00,3051
2024-11-03 01:00:00,3184
2024-11-03 03:00:00,2720
2024-11-03 05:00:00,2991
2024-11-03 07:00:00,2729
2024-11-03 09:00:00,2866
2024-11-03 11:00:00,5326
2024-11-03 13:00:00,3725
2024-11-03 15:00:00,2572
2024-11-03 17:00:00,1925
2024-11-03 19:00:00,3118
2024-11-03 21:00:00,2537
2024-11-03 23:00:00,2676
2024-11-04 01:00:00,3478
2024-11-04 03:00:00,2525
2024-11-04 05:00:00,4491
2024-11-04 07:00:00,3473
2024-11-04 09:00:00,2790
2024-11-04 11:00:00,2959
2024-11-04 13:00:00,2246
2024-11-04 15:00:00,3204
2024-11-04 17:00:00,2779
2024-11-04 19:00:00,7773
2024-11-04 21:00:00,2950
2024-11-04 23:00:00,3508
2024-11-05 01:00:00,2706
2024-11-05 03:00:00,2821
2024-11-05 05:00:00,2423
2024-11-05 07:00:00,2468
2024-11-05 09:00:00,2383
2024-11-05 11:00:00,2637
2024-11-05 13:00:00,1758
2024-11-05 15:00:00,2770
2024-11-05 17:00:00,2593
2024-11-05 19:00:00,2340
2024-11-05 21:00:00,2301
2024-11-05 23:00:00,3529
2024-11-06 01:00:00,2779
2024-11-06 03:00:00,2755
2024-11-06 05:00:00,2309
2024-11-06 07:00:00,3178
2024-11-06 09:00:00,2404
2024-11-06 11:00:00,2595
2024-11-06 13:00:00,2952
2024-11-06 15:00:00,3099
2024-11-06 17:00:00,2991
2024-11-06 19:00:00,2266
2024-11-06 21:00:00,2555
2024-11-06 23:00:00,3414
2024-11-07 01:00:00,2769
2024-11-07 03:00:00,2690
2024-11-07 05:00:00,3205
2024-11-07 07:00:00,2735
2024-11-07 09:00:00,2352
2024-11-07 11:00:00,2590
2024-11-07 13:00:00,3155
2024-11-07 15:00:00,2317
2024-11-07 17:00:00,2422
2024-11-07 19:00:00,3214
2024-11-07 21:00:00,2715
2024-11-07 23:00:00,2720
2024-11-08 01:00:00,2830
2024-11-08 03:00:00,3413
2024-11-08 05:00:00,2827
2024-11-08 07:00:00,2843
2024-11-08 09:00:00,3691
2024-11-08 11:00:00,2608
2024-11-08 13:00:00,2451
2024-11-08 15:00:00,2410
2024-11-08 17:00:00,3250
2024-11-08 19:00:00,2384
2024-11-08 21:00:00,2538
2024-11-08 23:00:00,3060
2024-11-09 01:00:00,3241
2024-11-09 03:00:00,2718
2024-11-09 05:00:00,2197
2024-11-09 07:00:00,2665
2024-11-09 09:00:00,2366
2024-11-09 11:00:00,2528
2024-11-09 13:00:00,2442
2024-11-09 15:00:00,3209
2024-11-09 17:00:00,2385
2024-11-09 19:00:00,2408
2024-11-09 21:00:00,2748
2024-11-09 23:00:00,3397
2024-11-10 01:00:00,2725
2024-11-10 03:00:00,2740
2024-11-10 05:00:00,3199
2024-11-10 07:00:00,2617
2024-11-10 09:00:00,2347
2024-11-10 11:00:00,3299
2024-11-10 13:00:00,2584
2024-11-10 15:00:00,2501
2024-11-10 17:00:00,2424
2024-11-10 19:00:00,3113
2024-11-10 21:00:00,2577
2024-11-10 23:00:00,2692
2024-11-11 01:00:00,3225
2024-11-11 03:00:00,2997
2024-11-11 05:00:00,2389
2024-11-11 07:00:00,2520
2024-11-11 09:00:00,3118
2024-11-11 11:00:00,2820
2024-11-11 13:00:00,2513
2024-11-11 15:00:00,3445
2024-11-11 17:00:00,6244
2024-11-11 19:00:00,5562
2024-11-11 21:00:00,2771
2024-11-11 23:00:00,3631
2024-11-12 01:00:00,2817
2024-11-12 03:00:00,2815
2024-11-12 05:00:00,3729
2024-11-12 07:00:00,2831
2024-11-12 09:00:00,2869
2024-11-12 11:00:00,3802
2024-11-12 13:00:00,2963
2024-11-12 15:00:00,2724
2024-11-12 17:00:00,3278
2024-11-12 19:00:00,3083
2024-11-12 21:00:00,2720
2024-11-12 23:00:00,2869
2024-11-13 01:00:00,3649
2024-11-13 03:00:00,2761
2024-11-13 05:00:00,2898
2024-11-13 07:00:00,3005
2024-11-13 09:00:00,3364
2024-11-13 11:00:00,2597
2024-11-13 13:00:00,2598
2024-11-13 15:00:00,2853
2024-11-13 17:00:00,2865
2024-11-13 19:00:00,2224
2024-11-13 21:00:00,2664
2024-11-13 23:00:00,3532
2024-11-14 01:00:00,2670
2024-11-14 03:00:00,2732
2024-11-14 05:00:00,2305
2024-11-14 07:00:00,3292
2024-11-14 09:00:00,2824
2024-11-14 11:00:00,2729
2024-11-14 13:00:00,2810
2024-11-14 15:00:00,3135
2024-11-14 17:00:00,2600
2024-11-14 19:00:00,7874
2024-11-14 21:00:00,4199
2024-11-14 23:00:00,3362
2024-11-15 01:00:00,3139
2024-11-15 03:00:00,3299
2024-11-15 05:00:00,3919
2024-11-15 07:00:00,2826
2024-11-15 09:00:00,2684
2024-11-15 11:00:00,2953
2024-11-15 13:00:00,3522
2024-11-15 15:00:00,4810
2024-11-15 17:00:00,12192
2024-11-15 19:00:00,12895
2024-11-15 21:00:00,13826
2024-11-15 23:00:00,4739
2024-11-16 01:00:00,2852
2024-11-16 03:00:00,3148
2024-11-16 05:00:00,2977
2024-11-16 07:00:00,1933
2024-11-16 09:00:00,1901
2024-11-16 11:00:00,3771
2024-11-16 13:00:00,2513
2024-11-16 15:00:00,5158
2024-11-16 17:00:00,4297
2024-11-16 19:00:00,3411
2024-11-16 21:00:00,3005
2024-11-16 23:00:00,3035
2024-11-17 01:00:00,3874
2024-11-17 03:00:00,3061
2024-11-17 05:00:00,3034
2024-11-17 07:00:00,3645
2024-11-17 09:00:00,3016
2024-11-17 11:00:00,3187
2024-11-17 13:00:00,3438
2024-11-17 15:00:00,3232
2024-11-17 17:00:00,8203
2024-11-17 19:00:00,4066
2024-11-17 21:00:00,3923
2024-11-17 23:00:00,3084
2024-11-18 01:00:00,3149
2024-11-18 03:00:00,4079
2024-11-18 05:00:00,3677
2024-11-18 07:00:00,3173
2024-11-18 09:00:00,4103
2024-11-18 11:00:00,3419
2024-11-18 13:00:00,3208
2024-11-18 15:00:00,4328
2024-11-18 17:00:00,3506
2024-11-18 19:00:00,3465
2024-11-18 21:00:00,4228
2024-11-18 23:00:00,3419
2024-11-19 01:00:00,3580
2024-11-19 03:00:00,4148
2024-11-19 05:00:00,3557
2024-11-19 07:00:00,3992
2024-11-19 09:00:00,3704
2024-11-19 11:00:00,3747
2024-11-19 13:00:00,4258
2024-11-19 15:00:00,3906
2024-11-19 17:00:00,5452
2024-11-19 19:00:00,5477
2024-11-19 21:00:00,4302
2024-11-19 23:00:00,3310
2024-11-20 01:00:00,4374
2024-11-20 03:00:00,3341
2024-11-20 05:00:00,2567
2024-11-20 07:00:00,2694
2024-11-20 09:00:00,
2024-11-20 11:00:00,
2024-11-20 13:00:00,
2024-11-20 15:00:00,
2024-11-20 17:00:00,
2024-11-20 19:00:00,
2024-11-20 21:00:00,
2024-11-20 23:00:00,
2024-11-21 01:00:00,
2024-11-21 03:00:00,
2024-11-21 05:00:00,4376
2024-11-21 07:00:00,4514
2024-11-21 09:00:00,3734
2024-11-21 11:00:00,3331
2024-11-21 13:00:00,
2024-11-21 15:00:00,3589
2024-11-21 17:00:00,4538
2024-11-21 19:00:00,3617
2024-11-21 21:00:00,4170
2024-11-21 23:00:00,4025
2024-11-22 01:00:00,3802
2024-11-22 03:00:00,4557
2024-11-22 05:00:00,2600
2024-11-22 07:00:00,3172
2024-11-22 09:00:00,3582
2024-11-22 11:00:00,4265
2024-11-22 13:00:00,3822
2024-11-22 15:00:00,2997
2024-11-22 17:00:00,3755
2024-11-22 19:00:00,3217
2024-11-22 21:00:00,3340
2024-11-22 23:00:00,4867
2024-11-23 01:00:00,3193
2024-11-23 03:00:00,3230
2024-11-23 05:00:00,3578
2024-11-23 07:00:00,3104
2024-11-23 09:00:00,3111
2024-11-23 11:00:00,5183
2024-11-23 13:00:00,3990
2024-11-23 15:00:00,5929
2024-11-23 17:00:00,3396
2024-11-23 19:00:00,3342
2024-11-23 21:00:00,4284
2024-11-23 23:00:00,3400
2024-11-24 01:00:00,3411
2024-11-24 03:00:00,4077
2024-11-24 05:00:00,2588
2024-11-24 07:00:00,2755
2024-11-24 09:00:00,3952
2024-11-24 11:00:00,7810
2024-11-24 13:00:00,7539
2024-11-24 15:00:00,14402
2024-11-24 17:00:00,12930
2024-11-24 19:00:00,8772
2024-11-24 21:00:00,3379
2024-11-24 23:00:00,3490
2024-11-25 01:00:00,3037
2024-11-25 03:00:00,2957
2024-11-25 05:00:00,2554
2024-11-25 07:00:00,2835
2024-11-25 09:00:00,1873
2024-11-25 11:00:00,2638
2024-11-25 13:00:00,3636
2024-11-25 15:00:00,4384
2024-11-25 17:00:00,7886
2024-11-25 19:00:00,4030
2024-11-25 21:00:00,2511
2024-11-25 23:00:00,3533
2024-11-26 01:00:00,2674
2024-11-26 03:00:00,2740
2024-11-26 05:00:00,3092
2024-11-26 07:00:00,2385
2024-11-26 09:00:00,2435
2024-11-26 11:00:00,3011
2024-11-26 13:00:00,2856
2024-11-26 15:00:00,2384
2024-11-26 17:00:00,2549
2024-11-26 19:00:00,3202
2024-11-26 21:00:00,2651
2024-11-26 23:00:00,2792
2024-11-27 01:00:00,2859
2024-11-27 03:00:00,3544
2024-11-27 05:00:00,2365
2024-11-27 07:00:00,2169
2024-11-27 09:00:00,3402
2024-11-27 11:00:00,2831
2024-11-27 13:00:00,2763
2024-11-27 15:00:00,3668
2024-11-27 17:00:00,3079
2024-11-27 19:00:00,3141
2024-11-27 21:00:00,4032
2024-11-27 23:00:00,3037
2024-11-28 01:00:00,2965
2024-11-28 03:00:00,3869
2024-11-28 05:00:00,3222
2024-11-28 07:00:00,3136
2024-11-28 09:00:00,3850
2024-11-28 11:00:00,3482
2024-11-28 13:00:00,3089
2024-11-28 15:00:00,6595
2024-11-28 17:00:00,13765
2024-11-28 19:00:00,13738
2024-11-28 21:00:00,12412
2024-11-28 23:00:00,4258
2024-11-29 01:00:00,4350
2024-11-29 03:00:00,5234
2024-11-29 05:00:00,5625
2024-11-29 07:00:00,4477
2024-11-29 09:00:00,5270
2024-11-29 11:00:00,4630
2024-11-29 13:00:00,4437
2024-11-29 15:00:00,4492
2024-11-29 17:00:00,2019
2024-11-29 19:00:00,2037
2024-11-29 21:00:00,2383
2024-11-29 23:00:00,2135
2024-11-30 01:00:00,1822
2024-11-30 03:00:00,1834
2024-11-30 05:00:00,1951
2024-11-30 07:00:00,2415
2024-11-30 09:00:00,1886
2024-11-30 11:00:00,2385
2024-11-30 13:00:00,2573
2024-11-30 15:00:00,1784
2024-11-30 17:00:00,1795
2024-11-30 19:00:00,2603
2024-11-30 21:00:00,1859
2024-11-30 23:00:00,1836
2024-12-01 01:00:00,2475
2024-12-01 03:00:00,2048
2024-12-01 05:00:00,1796
2024-12-01 07:00:00,1751
2024-12-01 09:00:00,2476
2024-12-01 11:00:00,3783
2024-12-01 13:00:00,3598
2024-12-01 15:00:00,3728
2024-12-01 17:00:00,4117
2024-12-01 19:00:00,3628
2024-12-01 21:00:00,2930
2024-12-01 23:00:00,4444
2024-12-02 01:00:00,3139
2024-12-02 03:00:00,3880
2024-12-02 05:00:00,4957
2024-12-02 07:00:00,4041
2024-12-02 09:00:00,3922
2024-12-02 11:00:00,5115
2024-12-02 13:00:00,4009
2024-12-02 15:00:00,3519
2024-12-02 17:00:00,8276
2024-12-02 19:00:00,5484
2024-12-02 21:00:00,3166
2024-12-02 23:00:00,3126
2024-12-03 01:00:00,5055
2024-12-03 03:00:00,4178
2024-12-03 05:00:00,5797
2024-12-03 07:00:00,5038
2024-12-03 09:00:00,4361
2024-12-03 11:00:00,5618
2024-12-03 13:00:00,4465
2024-12-03 15:00:00,5129
2024-12-03 17:00:00,6158
2024-12-03 19:00:00,4313
2024-12-03 21:00:00,5118
2024-12-03 23:00:00,5141
2024-12-04 01:00:00,4630
2024-12-04 03:00:00,5579
2024-12-04 05:00:00,4828
2024-12-04 07:00:00,5566
2024-12-04 09:00:00,4763
2024-12-04 11:00:00,5287
2024-12-04 13:00:00,5164
2024-12-04 15:00:00,5244
2024-12-04 17:00:00,8807
2024-12-04 19:00:00,9250
2024-12-04 21:00:00,5968
2024-12-04 23:00:00,6369
2024-12-05 01:00:00,5780
2024-12-05 03:00:00,6558
2024-12-05 05:00:00,5658
2024-12-05 07:00:00,6024
2024-12-05 09:00:00,6181
2024-12-05 11:00:00,5702
2024-12-05 13:00:00,4434
2024-12-05 15:00:00,3556
2024-12-05 17:00:00,3421
2024-12-05 19:00:00,4325
2024-12-05 21:00:00,3477
2024-12-05 23:00:00,3461
2024-12-06 01:00:00,4269
2024-12-06 03:00:00,3454
2024-12-06 05:00:00,2420
2024-12-06 07:00:00,3231
2024-12-06 09:00:00,2289
2024-12-06 11:00:00,2788
2024-12-06 13:00:00,3110
2024-12-06 15:00:00,2483
2024-12-06 17:00:00,2503
2024-12-06 19:00:00,3086
2024-12-06 21:00:00,2276
2024-12-06 23:00:00,2395
2024-12-07 01:00:00,3149
2024-12-07 03:00:00,2317
2024-12-07 05:00:00,2260
2024-12-07 07:00:00,3178
2024-12-07 09:00:00,2215
2024-12-07 11:00:00,2812
2024-12-07 13:00:00,2868
2024-12-07 15:00:00,2212
2024-12-07 17:00:00,2493
2024-12-07 19:00:00,2915
2024-12-07 21:00:00,2252
2024-12-07 23:00:00,2359
2024-12-08 01:00:00,3032
2024-12-08 03:00:00,2348
2024-12-08 05:00:00,2329
2024-12-08 07:00:00,2986
2024-12-08 09:00:00,2194
2024-12-08 11:00:00,3245
2024-12-08 13:00:00,2371
2024-12-08 15:00:00,2418
2024-12-08 17:00:00,3197
2024-12-08 19:00:00,2432
2024-12-08 21:00:00,2506
2024-12-08 23:00:00,3270
2024-12-09 01:00:00,2327
2024-12-09 03:00:00,2440
2024-12-09 05:00:00,3628
2024-12-09 07:00:00,3460
2024-12-09 09:00:00,3289
2024-12-09 11:00:00,4622
2024-12-09 13:00:00,3559
2024-12-09 15:00:00,3366
2024-12-09 17:00:00,5989
2024-12-09 19:00:00,9370
2024-12-09 21:00:00,6363
2024-12-09 23:00:00,6136
2024-12-10 01:00:00,5549
2024-12-10 03:00:00,6021
2024-12-10 05:00:00,5591
2024-12-10 07:00:00,4800
2024-12-10 09:00:00,5498
2024-12-10 11:00:00,5115
2024-12-10 13:00:00,5056
2024-12-10 15:00:00,6446
2024-12-10 17:00:00,13656
2024-12-10 19:00:00,14184
2024-12-10 21:00:00,14256
2024-12-10 23:00:00,6669
2024-12-11 01:00:00,5769
2024-12-11 03:00:00,4885
2024-12-11 05:00:00,6792
2024-12-11 07:00:00,5436
2024-12-11 09:00:00,4809
2024-12-11 11:00:00,5959
2024-12-11 13:00:00,5043
2024-12-11 15:00:00,5232
2024-12-11 17:00:00,5754
2024-12-11 19:00:00,5725
2024-12-11 21:00:00,7042
2024-12-11 23:00:00,6088
2024-12-12 01:00:00,6228
2024-12-12 03:00:00,6736
2024-12-12 05:00:00,5963
2024-12-12 07:00:00,6656
2024-12-12 09:00:00,6284
2024-12-12 11:00:00,6358
2024-12-12 13:00:00,7109
2024-12-12 15:00:00,6307
2024-12-12 17:00:00,6834
2024-12-12 19:00:00,6652
2024-12-12 21:00:00,6060
2024-12-12 23:00:00,6947
2024-12-13 01:00:00,6035
2024-12-13 03:00:00,6837
2024-12-13 05:00:00,6157
2024-12-13 07:00:00,5944
2024-12-13 09:00:00,6498
2024-12-13 11:00:00,6644
2024-12-13 13:00:00,6226
2024-12-13 15:00:00,7014
2024-12-13 17:00:00,6043
2024-12-13 19:00:00,10799
2024-12-13 21:00:00,6493
2024-12-13 23:00:00,5990
2024-12-14 01:00:00,5132
2024-12-14 03:00:00,5289
2024-12-14 05:00:00,6455
2024-12-14 07:00:00,5546
2024-12-14 09:00:00,5646
2024-12-14 11:00:00,7670
2024-12-14 13:00:00,9786
2024-12-14 15:00:00,5568
2024-12-14 17:00:00,6521
2024-12-14 19:00:00,5983
2024-12-14 21:00:00,5712
2024-12-14 23:00:00,6865
2024-12-15 01:00:00,6110
2024-12-15 03:00:00,6070
2024-12-15 05:00:00,6744
2024-12-15 07:00:00,5742
2024-12-15 09:00:00,7011
2024-12-15 11:00:00,6355
2024-12-15 13:00:00,6534
2024-12-15 15:00:00,6524
2024-12-15 17:00:00,6095
2024-12-15 19:00:00,6019
2024-12-15 21:00:00,5836
2024-12-15 23:00:00,5305
2024-12-16 01:00:00,4620
2024-12-16 03:00:00,4673
2024-12-16 05:00:00,5961
2024-12-16 07:00:00,5282
2024-12-16 09:00:00,5202
2024-12-16 11:00:00,6417
2024-12-16 13:00:00,5693
2024-12-16 15:00:00,5161
2024-12-16 17:00:00,5894
2024-12-16 19:00:00,5752
2024-12-16 21:00:00,5292
2024-12-16 23:00:00,5252
2024-12-17 01:00:00,5730
2024-12-17 03:00:00,5270
2024-12-17 05:00:00,5889
2024-12-17 07:00:00,6051
2024-12-17 09:00:00,5527
2024-12-17 11:00:00,6804
2024-12-17 13:00:00,5775
2024-12-17 15:00:00,8079
2024-12-17 17:00:00,12084
2024-12-17 19:00:00,11922
2024-12-17 21:00:00,12967
2024-12-17 23:00:00,12782
2024-12-18 01:00:00,12755
2024-12-18 03:00:00,7366
2024-12-18 05:00:00,7132
2024-12-18 07:00:00,5898
2024-12-18 09:00:00,6333
2024-12-18 11:00:00,5955
2024-12-18 13:00:00,5583
2024-12-18 15:00:00,6045
2024-12-18 17:00:00,6673
2024-12-18 19:00:00,9609
2024-12-18 21:00:00,4887
2024-12-18 23:00:00,5480
2024-12-19 01:00:00,4403
2024-12-19 03:00:00,4587
2024-12-19 05:00:00,5135
2024-12-19 07:00:00,5593
2024-12-19 09:00:00,5248
2024-12-19 11:00:00,5646
2024-12-19 13:00:00,4863
2024-12-19 15:00:00,
2024-12-19 17:00:00,
2024-12-19 19:00:00,
2024-12-19 21:00:00,
2024-12-19 23:00:00,
2024-12-20 01:00:00,
2024-12-20 03:00:00,3989
2024-12-20 05:00:00,4208
2024-12-20 07:00:00,4453
2024-12-20 09:00:00,4764
2024-12-20 11:00:00,4591
2024-12-20 13:00:00,5473
2024-12-20 15:00:00,4319
2024-12-20 17:00:00,4324
2024-12-20 19:00:00,5316
2024-12-20 21:00:00,4302
2024-12-20 23:00:00,4388
2024-12-21 01:00:00,5253
2024-12-21 03:00:00,4370
2024-12-21 05:00:00,4273
2024-12-21 07:00:00,5114
2024-12-21 09:00:00,4122
2024-12-21 11:00:00,4762
2024-12-21 13:00:00,4986
2024-12-21 15:00:00,4246
2024-12-21 17:00:00,4318
2024-12-21 19:00:00,4666
2024-12-21 21:00:00,3601
2024-12-21 23:00:00,3695
2024-12-22 01:00:00,4459
2024-12-22 03:00:00,3746
2024-12-22 05:00:00,3949
2024-12-22 07:00:00,4897
2024-12-22 09:00:00,3825
2024-12-22 11:00:00,3879
2024-12-22 13:00:00,4778
2024-12-22 15:00:00,3719
2024-12-22 17:00:00,3630
2024-12-22 19:00:00,4532
2024-12-22 21:00:00,4088
2024-12-22 23:00:00,4130
2024-12-23 01:00:00,4441
2024-12-23 03:00:00,4470
2024-12-23 05:00:00,4105
2024-12-23 07:00:00,4305
2024-12-23 09:00:00,4659
2024-12-23 11:00:00,4033
2024-12-23 13:00:00,4472
2024-12-23 15:00:00,4426
2024-12-23 17:00:00,3900
2024-12-23 19:00:00,4365
2024-12-23 21:00:00,4352
2024-12-23 23:00:00,4140
2024-12-24 01:00:00,4292
2024-12-24 03:00:00,4791
2024-12-24 05:00:00,4272
2024-12-24 07:00:00,4319
2024-12-24 09:00:00,4946
2024-12-24 11:00:00,4286
2024-12-24 13:00:00,5224
2024-12-24 15:00:00,4467
2024-12-24 17:00:00,4224
2024-12-24 19:00:00,4305
2024-12-24 21:00:00,4513
2024-12-24 23:00:00,3859
2024-12-25 01:00:00,3741
2024-12-25 03:00:00,4196
2024-12-25 05:00:00,4115
2024-12-25 07:00:00,3566
2024-12-25 09:00:00,3504
2024-12-25 11:00:00,4329
2024-12-25 13:00:00,3220
2024-12-25 15:00:00,3064
2024-12-25 17:00:00,3331
2024-12-25 19:00:00,4115
2024-12-25 21:00:00,2884
2024-12-25 23:00:00,3137
2024-12-26 01:00:00,3471
2024-12-26 03:00:00,3651
2024-12-26 05:00:00,3525
2024-12-26 07:00:00,2976
2024-12-26 09:00:00,3987
2024-12-26 11:00:00,3541
2024-12-26 13:00:00,3460
2024-12-26 15:00:00,3170
2024-12-26 17:00:00,4043
2024-12-26 19:00:00,3415
2024-12-26 21:00:00,2985
2024-12-26 23:00:00,3359
2024-12-27 01:00:00,3802
2024-12-27 03:00:00,3103
2024-12-27 05:00:00,3604
2024-12-27 07:00:00,4104
2024-12-27 09:00:00,3203
2024-12-27 11:00:00,3537
2024-12-27 13:00:00,4465
2024-12-27 15:00:00,3517
2024-12-27 17:00:00,3527
2024-12-27 19:00:00,3557
2024-12-27 21:00:00,3967
2024-12-27 23:00:00,3272
2024-12-28 01:00:00,3107
2024-12-28 03:00:00,3612
2024-12-28 05:00:00,4067
2024-12-28 07:00:00,3641
2024-12-28 09:00:00,3289
2024-12-28 11:00:00,4787
2024-12-28 13:00:00,3806
2024-12-28 15:00:00,3245
2024-12-28 17:00:00,3556
2024-12-28 19:00:00,4371
2024-12-28 21:00:00,3595
2024-12-28 23:00:00,3280
2024-12-29 01:00:00,3908
2024-12-29 03:00:00,3580
2024-12-29 05:00:00,3815
2024-12-29 07:00:00,3558
2024-12-29 09:00:00,4109
2024-12-29 11:00:00,3610
2024-12-29 13:00:00,3575
2024-12-29 15:00:00,4172
2024-12-29 17:00:00,3418
2024-12-29 19:00:00,3126
2024-12-29 21:00:00,3503
2024-12-29 23:00:00,3648
2024-12-30 01:00:00,3213
2024-12-30 03:00:00,3317
2024-12-30 05:00:00,4912
2024-12-30 07:00:00,3963
2024-12-30 09:00:00,4149
2024-12-30 11:00:00,5248
2024-12-30 13:00:00,4347
2024-12-30 15:00:00,4622
2024-12-30 17:00:00,4753
2024-12-30 19:00:00,4247
2024-12-30 21:00:00,4414
2024-12-30 23:00:00,4798
2024-12-31 01:00:00,4264
2024-12-31 03:00:00,5266
2024-12-31 05:00:00,4370
2024-12-31 07:00:00,4350
2024-12-31 09:00:00,5191
2024-12-31 11:00:00,4714
2024-12-31 13:00:00,5113
2024-12-31 15:00:00,4631
2024-12-31 17:00:00,4367
2024-12-31 19:00:00,5251
2024-12-31 21:00:00,4401
2024-12-31 23:00:00,4361
2025-01-01 01:00:00,5162
2025-01-01 03:00:00,4271
2025-01-01 05:00:00,4343
2025-01-01 07:00:00,5130
2025-01-01 09:00:00,4273
2025-01-01 11:00:00,4453
2025-01-01 13:00:00,5230
2025-01-01 15:00:00,4270
2025-01-01 17:00:00,4440
2025-01-01 19:00:00,5148
2025-01-01 21:00:00,4374
2025-01-01 23:00:00,4833
2025-01-02 01:00:00,4836
2025-01-02 03:00:00,4374
2025-01-02 05:00:00,5303
2025-01-02 07:00:00,4386
2025-01-02 09:00:00,4349
2025-01-02 11:00:00,5657
2025-01-02 13:00:00,4483
2025-01-02 15:00:00,4351
2025-01-02 17:00:00,5275
2025-01-02 19:00:00,4432
2025-01-02 21:00:00,5017
2025-01-02 23:00:00,4720
2025-01-03 01:00:00,4434
2025-01-03 03:00:00,5351
2025-01-03 05:00:00,4433
2025-01-03 07:00:00,4789
2025-01-03 09:00:00,4863
2025-01-03 11:00:00,4766
2025-01-03 13:00:00,5152
2025-01-03 15:00:00,4400
2025-01-03 17:00:00,5107
2025-01-03 19:00:00,4545
2025-01-03 21:00:00,4411
2025-01-03 23:00:00,5308
2025-01-04 01:00:00,4439
2025-01-04 03:00:00,5061
2025-01-04 05:00:00,4690
2025-01-04 07:00:00,4410
2025-01-04 09:00:00,5156
2025-01-04 11:00:00,4648
2025-01-04 13:00:00,5400
2025-01-04 15:00:00,4420
2025-01-04 17:00:00,4395
2025-01-04 19:00:00,5255
2025-01-04 21:00:00,4396
2025-01-04 23:00:00,5161
2025-01-05 01:00:00,4661
2025-01-05 03:00:00,4435
2025-01-05 05:00:00,5366
2025-01-05 07:00:00,4353
2025-01-05 09:00:00,4822
2025-01-05 11:00:00,4912
2025-01-05 13:00:00,4709
2025-01-05 15:00:00,5028
2025-01-05 17:00:00,4414
2025-01-05 19:00:00,5271
2025-01-05 21:00:00,4357
2025-01-05 23:00:00,4429
2025-01-06 01:00:00,5277
2025-01-06 03:00:00,4395
2025-01-06 05:00:00,4798
2025-01-06 07:00:00,5021
2025-01-06 09:00:00,4296
2025-01-06 11:00:00,5499
2025-01-06 13:00:00,4435
2025-01-06 15:00:00,4923
2025-01-06 17:00:00,10366
2025-01-06 19:00:00,4460
2025-01-06 21:00:00,4296
2025-01-06 23:00:00,5153
2025-01-07 01:00:00,4268
2025-01-07 03:00:00,4276
2025-01-07 05:00:00,5227
2025-01-07 07:00:00,4248
2025-01-07 09:00:00,4252
2025-01-07 11:00:00,5540
2025-01-07 13:00:00,4442
2025-01-07 15:00:00,4293
2025-01-07 17:00:00,5116
2025-01-07 19:00:00,4172
2025-01-07 21:00:00,3776
2025-01-07 23:00:00,5132
2025-01-08 01:00:00,4304
2025-01-08 03:00:00,4400
2025-01-08 05:00:00,5093
2025-01-08 07:00:00,4265
2025-01-08 09:00:00,4387
2025-01-08 11:00:00,4947
2025-01-08 13:00:00,4457
2025-01-08 15:00:00,4851
2025-01-08 17:00:00,4550
2025-01-08 19:00:00,4307
2025-01-08 21:00:00,4641
2025-01-08 23:00:00,4604
2025-01-09 01:00:00,4288
2025-01-09 03:00:00,5126
2025-01-09 05:00:00,4337
2025-01-09 07:00:00,4260
2025-01-09 09:00:00,5091
2025-01-09 11:00:00,4632
2025-01-09 13:00:00,4546
2025-01-09 15:00:00,7986
2025-01-09 17:00:00,13920
2025-01-09 19:00:00,13966
2025-01-09 21:00:00,11230
2025-01-09 23:00:00,4334
2025-01-10 01:00:00,4695
2025-01-10 03:00:00,4802
2025-01-10 05:00:00,5332
2025-01-10 07:00:00,4913
2025-01-10 09:00:00,4494
2025-01-10 11:00:00,4493
2025-01-10 13:00:00,5300
2025-01-10 15:00:00,5843
2025-01-10 17:00:00,7525
2025-01-10 19:00:00,4363
2025-01-10 21:00:00,5595
2025-01-10 23:00:00,9181
2025-01-11 01:00:00,7250
2025-01-11 03:00:00,4690
2025-01-11 05:00:00,5383
2025-01-11 07:00:00,4387
2025-01-11 09:00:00,5321
2025-01-11 11:00:00,4713
2025-01-11 13:00:00,5317
2025-01-11 15:00:00,7462
2025-01-11 17:00:00,9243
2025-01-11 19:00:00,6933
2025-01-11 21:00:00,4492
2025-01-11 23:00:00,4402
2025-01-12 01:00:00,5201
2025-01-12 03:00:00,4399
2025-01-12 05:00:00,4905
2025-01-12 07:00:00,4748
2025-01-12 09:00:00,4364
2025-01-12 11:00:00,9530
2025-01-12 13:00:00,14993
2025-01-12 15:00:00,15093
2025-01-12 17:00:00,12983
2025-01-12 19:00:00,9002
2025-01-12 21:00:00,5238
2025-01-12 23:00:00,4408
2025-01-13 01:00:00,5233
2025-01-13 03:00:00,4373
2025-01-13 05:00:00,6309
2025-01-13 07:00:00,5133
2025-01-13 09:00:00,4222
2025-01-13 11:00:00,5083
2025-01-13 13:00:00,4466
2025-01-13 15:00:00,4423
2025-01-13 17:00:00,5685
2025-01-13 19:00:00,4162
2025-01-13 21:00:00,3543
2025-01-13 23:00:00,4363
2025-01-14 01:00:00,3728
2025-01-14 03:00:00,3843
2025-01-14 05:00:00,4639
2025-01-14 07:00:00,3608
2025-01-14 09:00:00,3517
2025-01-14 11:00:00,4785
2025-01-14 13:00:00,3795
2025-01-14 15:00:00,3926
2025-01-14 17:00:00,4743
2025-01-14 19:00:00,10328
2025-01-14 21:00:00,4822
2025-01-14 23:00:00,4872
2025-01-15 01:00:00,3955
2025-01-15 03:00:00,4861
2025-01-15 05:00:00,9414
2025-01-15 07:00:00,4222
2025-01-15 09:00:00,5013
2025-01-15 11:00:00,4606
2025-01-15 13:00:00,4898
2025-01-15 15:00:00,4956
2025-01-15 17:00:00,3857
2025-01-15 19:00:00,3970
2025-01-15 21:00:00,4146
2025-01-15 23:00:00,3257
2025-01-16 01:00:00,3376
2025-01-16 03:00:00,3596
2025-01-16 05:00:00,4390
2025-01-16 07:00:00,3559
2025-01-16 09:00:00,3579
2025-01-16 11:00:00,4566
2025-01-16 13:00:00,3717
2025-01-16 15:00:00,3460
2025-01-16 17:00:00,7420
2025-01-16 19:00:00,6158
2025-01-16 21:00:00,3422
2025-01-16 23:00:00,3222
2025-01-17 01:00:00,3828
2025-01-17 03:00:00,3389
2025-01-17 05:00:00,4099
2025-01-17 07:00:00,4461
2025-01-17 09:00:00,3629
2025-01-17 11:00:00,4147
2025-01-17 13:00:00,4165
2025-01-17 15:00:00,3528
2025-01-17 17:00:00,3766
2025-01-17 19:00:00,4125
2025-01-17 21:00:00,3190
2025-01-17 23:00:00,3305
2025-01-18 01:00:00,4123
2025-01-18 03:00:00,3585
2025-01-18 05:00:00,4347
2025-01-18 07:00:00,4456
2025-01-18 09:00:00,3567
2025-01-18 11:00:00,4013
2025-01-18 13:00:00,4271
2025-01-18 15:00:00,3515
2025-01-18 17:00:00,3685
2025-01-18 19:00:00,4205
2025-01-18 21:00:00,3485
2025-01-18 23:00:00,3140
2025-01-19 01:00:00,3598
2025-01-19 03:00:00,3989
2025-01-19 05:00:00,3621
2025-01-19 07:00:00,4295
2025-01-19 09:00:00,3846
2025-01-19 11:00:00,3827
2025-01-19 13:00:00,10332
2025-01-19 15:00:00,5076
2025-01-19 17:00:00,4230
2025-01-19 19:00:00,5028
2025-01-19 21:00:00,3433
2025-01-19 23:00:00,4107
2025-01-20 01:00:00,4714
2025-01-20 03:00:00,4010
2025-01-20 05:00:00,4688
2025-01-20 07:00:00,4801
2025-01-20 09:00:00,4561
2025-01-20 11:00:00,6210
2025-01-20 13:00:00,6018
2025-01-20 15:00:00,5246
2025-01-20 17:00:00,5926
2025-01-20 19:00:00,5693
2025-01-20 21:00:00,4031
2025-01-20 23:00:00,4948
2025-01-21 01:00:00,3898
2025-01-21 03:00:00,3952
2025-01-21 05:00:00,4931
2025-01-21 07:00:00,4154
2025-01-21 09:00:00,3815
2025-01-21 11:00:00,5010
2025-01-21 13:00:00,4075
2025-01-21 15:00:00,4105
2025-01-21 17:00:00,4604
2025-01-21 19:00:00,7757
2025-01-21 21:00:00,4173
2025-01-21 23:00:00,4725
2025-01-22 01:00:00,3747
2025-01-22 03:00:00,3783
2025-01-22 05:00:00,4751
2025-01-22 07:00:00,4152
2025-01-22 09:00:00,3678
2025-01-22 11:00:00,4719
2025-01-22 13:00:00,4023
2025-01-22 15:00:00,3610
2025-01-22 17:00:00,4552
2025-01-22 19:00:00,4044
2025-01-22 21:00:00,3239
2025-01-22 23:00:00,4558
2025-01-23 01:00:00,3882
2025-01-23 03:00:00,3922
2025-01-23 05:00:00,4889
2025-01-23 07:00:00,4058
2025-01-23 09:00:00,3986
2025-01-23 11:00:00,5097
2025-01-23 13:00:00,3939
2025-01-23 15:00:00,4092
2025-01-23 17:00:00,4994
2025-01-23 19:00:00,4175
2025-01-23 21:00:00,3939
2025-01-23 23:00:00,4803
2025-01-24 01:00:00,4118
2025-01-24 03:00:00,3986
2025-01-24 05:00:00,5050
2025-01-24 07:00:00,4098
2025-01-24 09:00:00,4148
2025-01-24 11:00:00,4950
2025-01-24 13:00:00,4092
2025-01-24 15:00:00,4075
2025-01-24 17:00:00,8582
2025-01-24 19:00:00,13595
2025-01-24 21:00:00,13877
2025-01-24 23:00:00,12394
2025-01-25 01:00:00,3730
2025-01-25 03:00:00,3833
2025-01-25 05:00:00,4725
2025-01-25 07:00:00,4380
2025-01-25 09:00:00,4068
2025-01-25 11:00:00,5289
2025-01-25 13:00:00,3821
2025-01-25 15:00:00,8504
2025-01-25 17:00:00,7567
2025-01-25 19:00:00,4665
2025-01-25 21:00:00,3539
2025-01-25 23:00:00,4658
2025-01-26 01:00:00,4631
2025-01-26 03:00:00,3727
2025-01-26 05:00:00,5178
2025-01-26 07:00:00,4711
2025-01-26 09:00:00,8375
2025-01-26 11:00:00,8423
2025-01-26 13:00:00,5978
2025-01-26 15:00:00,3965
2025-01-26 17:00:00,4274
2025-01-26 19:00:00,4952
2025-01-26 21:00:00,3855
2025-01-26 23:00:00,4151
2025-01-27 01:00:00,4795
2025-01-27 03:00:00,4185
2025-01-27 05:00:00,4836
2025-01-27 07:00:00,4406
2025-01-27 09:00:00,4125
2025-01-27 11:00:00,5478
2025-01-27 13:00:00,4380
2025-01-27 15:00:00,4336
2025-01-27 17:00:00,5081
2025-01-27 19:00:00,4315
2025-01-27 21:00:00,3710
2025-01-27 23:00:00,4552
2025-01-28 01:00:00,3745
2025-01-28 03:00:00,3916
2025-01-28 05:00:00,4890
2025-01-28 07:00:00,4069
2025-01-28 09:00:00,3887
2025-01-28 11:00:00,5283
2025-01-28 13:00:00,4305
2025-01-28 15:00:00,3902
2025-01-28 17:00:00,5151
2025-01-28 19:00:00,4150
2025-01-28 21:00:00,3238
2025-01-28 23:00:00,4537
2025-01-29 01:00:00,3749
2025-01-29 03:00:00,3792
2025-01-29 05:00:00,5011
2025-01-29 07:00:00,4072
2025-01-29 09:00:00,3641
2025-01-29 11:00:00,4903
2025-01-29 13:00:00,3826
2025-01-29 15:00:00,4984
2025-01-29 17:00:00,5198
2025-01-29 19:00:00,4348
2025-01-29 21:00:00,3785
2025-01-29 23:00:00,4740
2025-01-30 01:00:00,4066
2025-01-30 03:00:00,4023
2025-01-30 05:00:00,5164
2025-01-30 07:00:00,4231
2025-01-30 09:00:00,4254
2025-01-30 11:00:00,5438
2025-01-30 13:00:00,4065
2025-01-30 15:00:00,4080
2025-01-30 17:00:00,4802
2025-01-30 19:00:00,4049
2025-01-30 21:00:00,3870
2025-01-30 23:00:00,4222
2025-01-31 01:00:00,3873
2025-01-31 03:00:00,3978
2025-01-31 05:00:00,5048
2025-01-31 07:00:00,4625
2025-01-31 09:00:00,6438
2025-01-31 11:00:00,6534
2025-01-31 13:00:00,4499
2025-01-31 15:00:00,5076
2025-01-31 17:00:00,8091
2025-01-31 19:00:00,5710
2025-01-31 21:00:00,4237
2025-01-31 23:00:00,4231
2025-02-01 01:00:00,5107
2025-02-01 03:00:00,4271
2025-02-01 05:00:00,4871
2025-02-01 07:00:00,4486
2025-02-01 09:00:00,4342
2025-02-01 11:00:00,5475
2025-02-01 13:00:00,4505
2025-02-01 15:00:00,5697
2025-02-01 17:00:00,10049
2025-02-01 19:00:00,6784
2025-02-01 21:00:00,4347
2025-02-01 23:00:00,5170
2025-02-02 01:00:00,4406
2025-02-02 03:00:00,5192
2025-02-02 05:00:00,4560
2025-02-02 07:00:00,5154
2025-02-02 09:00:00,6876
2025-02-02 11:00:00,4711
2025-02-02 13:00:00,11529
2025-02-02 15:00:00,16332
2025-02-02 17:00:00,14825
2025-02-02 19:00:00,12953
2025-02-02 21:00:00,4792
2025-02-02 23:00:00,4802
2025-02-03 01:00:00,4354
2025-02-03 03:00:00,5128
2025-02-03 05:00:00,4531
2025-02-03 07:00:00,5990
2025-02-03 09:00:00,6085
2025-02-03 11:00:00,4809
2025-02-03 13:00:00,5772
2025-02-03 15:00:00,4873
2025-02-03 17:00:00,4715
2025-02-03 19:00:00,5133
2025-02-03 21:00:00,4313
2025-02-03 23:00:00,4710
2025-02-04 01:00:00,4837
2025-02-04 03:00:00,4350
2025-02-04 05:00:00,5065
2025-02-04 07:00:00,4296
2025-02-04 09:00:00,4203
2025-02-04 11:00:00,5385
2025-02-04 13:00:00,4411
2025-02-04 15:00:00,4545
2025-02-04 17:00:00,5359
2025-02-04 19:00:00,4197
2025-02-04 21:00:00,3379
2025-02-04 23:00:00,4423
2025-02-05 01:00:00,4053
2025-02-05 03:00:00,3739
2025-02-05 05:00:00,4785
2025-02-05 07:00:00,3902
2025-02-05 09:00:00,3708
2025-02-05 11:00:00,4594
2025-02-05 13:00:00,3858
2025-02-05 15:00:00,3615
2025-02-05 17:00:00,4455
2025-02-05 19:00:00,4024
2025-02-05 21:00:00,3681
2025-02-05 23:00:00,4923
2025-02-06 01:00:00,4222
2025-02-06 03:00:00,5132
2025-02-06 05:00:00,4346
2025-02-06 07:00:00,4772
2025-02-06 09:00:00,4821
2025-02-06 11:00:00,4512
2025-02-06 13:00:00,5131
2025-02-06 15:00:00,3889
2025-02-06 17:00:00,4166
2025-02-06 19:00:00,5046
2025-02-06 21:00:00,4307
2025-02-06 23:00:00,5096
2025-02-07 01:00:00,4343
2025-02-07 03:00:00,4608
2025-02-07 05:00:00,5004
2025-02-07 07:00:00,4329
2025-02-07 09:00:00,5152
2025-02-07 11:00:00,4486
2025-02-07 13:00:00,5171
2025-02-07 15:00:00,4380
2025-02-07 17:00:00,4240
2025-02-07 19:00:00,5036
2025-02-07 21:00:00,4117
2025-02-07 23:00:00,4224
2025-02-08 01:00:00,4877
2025-02-08 03:00:00,4223
2025-02-08 05:00:00,4302
2025-02-08 07:00:00,4953
2025-02-08 09:00:00,4233
2025-02-08 11:00:00,5363
2025-02-08 13:00:00,4404
2025-02-08 15:00:00,4248
2025-02-08 17:00:00,4970
2025-02-08 19:00:00,4245
2025-02-08 21:00:00,3892
2025-02-08 23:00:00,4982
2025-02-09 01:00:00,4132
2025-02-09 03:00:00,4406
2025-02-09 05:00:00,4629
2025-02-09 07:00:00,4176
2025-02-09 09:00:00,4880
2025-02-09 11:00:00,4527
2025-02-09 13:00:00,4341
2025-02-09 15:00:00,4987
2025-02-09 17:00:00,5887
2025-02-09 19:00:00,8447
2025-02-09 21:00:00,4422
2025-02-09 23:00:00,4353
2025-02-10 01:00:00,5138
2025-02-10 03:00:00,4396
2025-02-10 05:00:00,5277
2025-02-10 07:00:00,4344
2025-02-10 09:00:00,5038
2025-02-10 11:00:00,4897
2025-02-10 13:00:00,4432
2025-02-10 15:00:00,8272
2025-02-10 17:00:00,14499
2025-02-10 19:00:00,11275
2025-02-10 21:00:00,14807
2025-02-10 23:00:00,12321
2025-02-11 01:00:00,5009
2025-02-11 03:00:00,4595
2025-02-11 05:00:00,6544
2025-02-11 07:00:00,5041
2025-02-11 09:00:00,4495
2025-02-11 11:00:00,5539
2025-02-11 13:00:00,4523
2025-02-11 15:00:00,7358
2025-02-11 17:00:00,9266
2025-02-11 19:00:00,8410
2025-02-11 21:00:00,6046
2025-02-11 23:00:00,4482
2025-02-12 01:00:00,4346
2025-02-12 03:00:00,5296
2025-02-12 05:00:00,4415
2025-02-12 07:00:00,4560
2025-02-12 09:00:00,4991
2025-02-12 11:00:00,4405
2025-02-12 13:00:00,4555
2025-02-12 15:00:00,5162
2025-02-12 17:00:00,4325
2025-02-12 19:00:00,5600
2025-02-12 21:00:00,5410
2025-02-12 23:00:00,5734
2025-02-13 01:00:00,6712
2025-02-13 03:00:00,5915
2025-02-13 05:00:00,6074
2025-02-13 07:00:00,6688
2025-02-13 09:00:00,5877
2025-02-13 11:00:00,6100
2025-02-13 13:00:00,6764
2025-02-13 15:00:00,5746
2025-02-13 17:00:00,5895
2025-02-13 19:00:00,6226
2025-02-13 21:00:00,5371
2025-02-13 23:00:00,6065
2025-02-14 01:00:00,6014
2025-02-14 03:00:00,5968
2025-02-14 05:00:00,6937
2025-02-14 07:00:00,6012
2025-02-14 09:00:00,6147
2025-02-14 11:00:00,7221
2025-02-14 13:00:00,6002
2025-02-14 15:00:00,5944
2025-02-14 17:00:00,6785
2025-02-14 19:00:00,5509
2025-02-14 21:00:00,5486
2025-02-14 23:00:00,5970
2025-02-15 01:00:00,5712
2025-02-15 03:00:00,6818
2025-02-15 05:00:00,6048
2025-02-15 07:00:00,5877
2025-02-15 09:00:00,6721
2025-02-15 11:00:00,6202
2025-02-15 13:00:00,6885
2025-02-15 15:00:00,4767
2025-02-15 17:00:00,6792
2025-02-15 19:00:00,10885
2025-02-15 21:00:00,6060
2025-02-15 23:00:00,6727
2025-02-16 01:00:00,6092
2025-02-16 03:00:00,6096
2025-02-16 05:00:00,7128
2025-02-16 07:00:00,6923
2025-02-16 09:00:00,7023
2025-02-16 11:00:00,6404
2025-02-16 13:00:00,6779
2025-02-16 15:00:00,7560
2025-02-16 17:00:00,6324
2025-02-16 19:00:00,6089
2025-02-16 21:00:00,6811
2025-02-16 23:00:00,6064
2025-02-17 01:00:00,6779
2025-02-17 03:00:00,6343
2025-02-17 05:00:00,7435
2025-02-17 07:00:00,7237
2025-02-17 09:00:00,5941
2025-02-17 11:00:00,6170
2025-02-17 13:00:00,8871
2025-02-17 15:00:00,16404
2025-02-17 17:00:00,14463
2025-02-17 19:00:00,11564
2025-02-17 21:00:00,12901
2025-02-17 23:00:00,10466
2025-02-18 01:00:00,5991
2025-02-18 03:00:00,6932
2025-02-18 05:00:00,7551
2025-02-18 07:00:00,6018
2025-02-18 09:00:00,6725
2025-02-18 11:00:00,6204
2025-02-18 13:00:00,6166
2025-02-18 15:00:00,6313
2025-02-18 17:00:00,5964
2025-02-18 19:00:00,6841
2025-02-18 21:00:00,5644
2025-02-18 23:00:00,6194
2025-02-19 01:00:00,6742
2025-02-19 03:00:00,6006
2025-02-19 05:00:00,7033
2025-02-19 07:00:00,5963
2025-02-19 09:00:00,6070
2025-02-19 11:00:00,7095
2025-02-19 13:00:00,5820
2025-02-19 15:00:00,5919
2025-02-19 17:00:00,6841
2025-02-19 19:00:00,7635
2025-02-19 21:00:00,8740
2025-02-19 23:00:00,6862
2025-02-20 01:00:00,5952
2025-02-20 03:00:00,6894
2025-02-20 05:00:00,6033
2025-02-20 07:00:00,6254
2025-02-20 09:00:00,6900
2025-02-20 11:00:00,6045
2025-02-20 13:00:00,5772
2025-02-20 15:00:00,6418
2025-02-20 17:00:00,6811
2025-02-20 19:00:00,5984
2025-02-20 21:00:00,6831
2025-02-20 23:00:00,6077
2025-02-21 01:00:00,5893
2025-02-21 03:00:00,6861
2025-02-21 05:00:00,5973
2025-02-21 07:00:00,5761
2025-02-21 09:00:00,6797
2025-02-21 11:00:00,6106
2025-02-21 13:00:00,6168
2025-02-21 15:00:00,6438
2025-02-21 17:00:00,5452
2025-02-21 19:00:00,5485
2025-02-21 21:00:00,5033
2025-02-21 23:00:00,5949
2025-02-22 01:00:00,5170
2025-02-22 03:00:00,5281
2025-02-22 05:00:00,6287
2025-02-22 07:00:00,5265
2025-02-22 09:00:00,4764
2025-02-22 11:00:00,4992
2025-02-22 13:00:00,5576
2025-02-22 15:00:00,5168
2025-02-22 17:00:00,4939
2025-02-22 19:00:00,6026
2025-02-22 21:00:00,4575
2025-02-22 23:00:00,5110
2025-02-23 01:00:00,6087
2025-02-23 03:00:00,5362
2025-02-23 05:00:00,5358
2025-02-23 07:00:00,5423
2025-02-23 09:00:00,5632
2025-02-23 11:00:00,4909
2025-02-23 13:00:00,4847
2025-02-23 15:00:00,4935
2025-02-23 17:00:00,5569
2025-02-23 19:00:00,5030
2025-02-23 21:00:00,4680
2025-02-23 23:00:00,5317
2025-02-24 01:00:00,4874
2025-02-24 03:00:00,4774
2025-02-24 05:00:00,6265
2025-02-24 07:00:00,5551
2025-02-24 09:00:00,5294
2025-02-24 11:00:00,5802
2025-02-24 13:00:00,4919
2025-02-24 15:00:00,4900
2025-02-24 17:00:00,6449
2025-02-24 19:00:00,8570
2025-02-24 21:00:00,4929
2025-02-24 23:00:00,5007
2025-02-25 01:00:00,5421
2025-02-25 03:00:00,5437
2025-02-25 05:00:00,6351
2025-02-25 07:00:00,4994
2025-02-25 09:00:00,5557
2025-02-25 11:00:00,4688
2025-02-25 13:00:00,4593
2025-02-25 15:00:00,5426
2025-02-25 17:00:00,5737
2025-02-25 19:00:00,5399
2025-02-25 21:00:00,3541
2025-02-25 23:00:00,4606
2025-02-26 01:00:00,3700
2025-02-26 03:00:00,3714
2025-02-26 05:00:00,5323
2025-02-26 07:00:00,4923
2025-02-26 09:00:00,3781
2025-02-26 11:00:00,3548
2025-02-26 13:00:00,3369
2025-02-26 15:00:00,4483
2025-02-26 17:00:00,3761
2025-02-26 19:00:00,3619
2025-02-26 21:00:00,3926
2025-02-26 23:00:00,3508
2025-02-27 01:00:00,3805
2025-02-27 03:00:00,4220
2025-02-27 05:00:00,4088
2025-02-27 07:00:00,3981
2025-02-27 09:00:00,3654
2025-02-27 11:00:00,4477
2025-02-27 13:00:00,3522
2025-02-27 15:00:00,3161
2025-02-27 17:00:00,3673
2025-02-27 19:00:00,4707
2025-02-27 21:00:00,3516
2025-02-27 23:00:00,4116
2025-02-28 01:00:00,4728
2025-02-28 03:00:00,3847
2025-02-28 05:00:00,4026
2025-02-28 07:00:00,5178
2025-02-28 09:00:00,4302
2025-02-28 11:00:00,3929
2025-02-28 13:00:00,4079
2025-02-28 15:00:00,4922
2025-02-28 17:00:00,4195
2025-02-28 19:00:00,4350
2025-02-28 21:00:00,4687
2025-02-28 23:00:00,4253

